Symbol,Name,Sector,Industry
A,Agilent Technologies Inc. Common Stock,Industrials,Electrical Products
AAP,Advance Auto Parts Inc.,Consumer Discretionary,Auto & Home Supply Stores
AAPL,Apple Inc. Common Stock,Technology,Computer Manufacturing
ABB,ABB Ltd Common Stock,Energy,Electrical Products
ABBV,AbbVie Inc. Common Stock,Health Care,Other Pharmaceuticals
ABC,AmerisourceBergen Corporation Common Stock,Health Care,Other Pharmaceuticals
ABEV,Ambev S.A. American Depositary Shares (Each representing 1 Common Share),Consumer Staples,Beverages (Production/Distribution)
ABMD,ABIOMED Inc. Common Stock,Health Care,Medical/Dental Instruments
ABNB,Airbnb Inc. Class A Common Stock,Consumer Discretionary,Hotels/Resorts
ABT,Abbott Laboratories Common Stock,Health Care,Medical/Dental Instruments
ACGL,Arch Capital Group Ltd. Common Stock,Finance,Property-Casualty Insurers
ACI,Albertsons Companies Inc. Class A Common Stock,Consumer Staples,Food Chains
ACM,AECOM Common Stock,Consumer Discretionary,Military/Government/Technical
ACN,Accenture plc Class A Ordinary Shares (Ireland),Consumer Discretionary,Business Services
ADBE,Adobe Inc. Common Stock,Technology,Computer Software: Prepackaged Software
ADI,Analog Devices Inc. Common Stock,Technology,Semiconductors
ADM,Archer-Daniels-Midland Company Common Stock,,
ADP,Automatic Data Processing Inc. Common Stock,Consumer Discretionary,Business Services
ADSK,Autodesk Inc. Common Stock,Technology,Computer Software: Prepackaged Software
AEE,Ameren Corporation Common Stock,Utilities,Power Generation
AEM,Agnico Eagle Mines Limited Common Stock,,
AEP,American Electric Power Company Inc. Common Stock,Utilities,Electric Utilities: Central
AER,AerCap Holdings N.V. Ordinary Shares,Consumer Discretionary,Diversified Commercial Services
AES,The AES Corporation Common Stock,Utilities,Electric Utilities: Central
AFG,American Financial Group Inc. Common Stock,Finance,Property-Casualty Insurers
AFL,AFLAC Incorporated Common Stock,Finance,Accident &Health Insurance
AGL,agilon health inc. Common Stock,Health Care,Managed Health Care
AGR,Avangrid Inc. Common Stock,Utilities,Electric Utilities: Central
AIG,American International Group Inc. New Common Stock,Finance,Life Insurance
AJG,Arthur J. Gallagher & Co. Common Stock,Finance,Specialty Insurers
AKAM,Akamai Technologies Inc. Common Stock,Consumer Discretionary,Business Services
ALB,Albemarle Corporation Common Stock,Industrials,Industrial Specialties
ALC,Alcon Inc. Ordinary Shares,Health Care,Ophthalmic Goods
ALGN,Align Technology Inc. Common Stock,Health Care,Industrial Specialties
ALL,Allstate Corporation (The) Common Stock,Finance,Property-Casualty Insurers
ALLY,Ally Financial Inc. Common Stock,Finance,Diversified Financial Services
ALNY,Alnylam Pharmaceuticals Inc. Common Stock,Health Care,Biotechnology: Pharmaceutical Preparations
AMAT,Applied Materials Inc. Common Stock,Technology,Semiconductors
AMCR,Amcor plc Ordinary Shares,Consumer Discretionary,Miscellaneous manufacturing industries
AMD,Advanced Micro Devices Inc. Common Stock,Technology,Semiconductors
AME,AMETEK Inc.,Consumer Discretionary,Metal Fabrications
AMGN,Amgen Inc. Common Stock,Health Care,Biotechnology: Pharmaceutical Preparations
AMH,American Homes 4 Rent Common Shares of Beneficial Interest,Real Estate,Real Estate Investment Trusts
AMOV,America Movil S.A.B. de C.V. Class A American Depositary Shares,Telecommunications,Telecommunications Equipment
AMP,Ameriprise Financial Inc. Common Stock,Finance,Investment Managers
AMT,American Tower Corporation (REIT) Common Stock,Finance,Trusts Except Educational Religious and Charitable
AMX,America Movil S.A.B. de C.V. American Depository Receipt Series L,Telecommunications,Telecommunications Equipment
AMZN,Amazon.com Inc. Common Stock,Consumer Discretionary,Catalog/Specialty Distribution
ANET,Arista Networks Inc. Common Stock,Technology,Computer peripheral equipment
ANSS,ANSYS Inc. Common Stock,Technology,Computer Software: Prepackaged Software
AON,Aon plc Class A Ordinary Shares (Ireland),Finance,Specialty Insurers
APA,APA Corporation Common Stock,Energy,Oil & Gas Production
APD,Air Products and Chemicals Inc. Common Stock,Industrials,Specialty Chemicals
APH,Amphenol Corporation Common Stock,Technology,Electrical Products
APO,Apollo Global Management Inc. (New) Common Stock,Finance,Investment Managers
APP,Applovin Corporation Class A Common Stock,Technology,EDP Services
APTV,Aptiv PLC Ordinary Shares,Consumer Discretionary,Auto Parts:O.E.M.
AR,Antero Resources Corporation Common Stock,Energy,Oil & Gas Production
ARE,Alexandria Real Estate Equities Inc. Common Stock,Real Estate,Real Estate Investment Trusts
ARES,Ares Management Corporation Class A Common Stock,Finance,Investment Managers
ARGX,argenx SE American Depositary Shares,Health Care,Biotechnology: Biological Products (No Diagnostic Substances)
ASML,ASML Holding N.V. New York Registry Shares,Technology,Industrial Machinery/Components
ASX,ASE Technology Holding Co. Ltd. American Depositary Shares (each representing Two Common Shares) ,Technology,Semiconductors
ATO,Atmos Energy Corporation Common Stock,Utilities,Oil/Gas Transmission
ATVI,Activision Blizzard Inc. Common Stock,Consumer Discretionary,Recreational Games/Products/Toys
AVB,AvalonBay Communities Inc. Common Stock,Real Estate,Real Estate Investment Trusts
AVGO,Broadcom Inc. Common Stock,Technology,Semiconductors
AVTR,Avantor Inc. Common Stock,Industrials,Industrial Specialties
AVY,Avery Dennison Corporation Common Stock,Miscellaneous,Office Equipment/Supplies/Services
AWK,American Water Works Company Inc. Common Stock,Utilities,Water Supply
AXP,American Express Company Common Stock,Finance,Finance: Consumer Services
AZN,AstraZeneca PLC American Depositary Shares,Health Care,Biotechnology: Pharmaceutical Preparations
AZO,AutoZone Inc. Common Stock,,
AZPN,Aspen Technology Inc. Common Stock,Technology,EDP Services
BA,Boeing Company (The) Common Stock,Industrials,Aerospace
BABA,Alibaba Group Holding Limited American Depositary Shares each representing eight Ordinary share,Consumer Discretionary,Catalog/Specialty Distribution
BAC,Bank of America Corporation Common Stock,Finance,Major Banks
BAH,Booz Allen Hamilton Holding Corporation Common Stock,Consumer Discretionary,Professional Services
BALL,Ball Corporation Common Stock,Industrials,Containers/Packaging
BAM,Brookfield Asset Management Inc. Common Stock,Consumer Discretionary,Other Consumer Services
BAP,Credicorp Ltd. Common Stock,Finance,Commercial Banks
BAX,Baxter International Inc. Common Stock,Health Care,Medical/Dental Instruments
BBD,Banco Bradesco Sa American Depositary Shares,Finance,Commercial Banks
BBDO,Banco Bradesco Sa American Depositary Shares (each representing one Common Share),Finance,Commercial Banks
BBVA,Banco Bilbao Vizcaya Argentaria S.A. Common Stock,Finance,Commercial Banks
BBY,Best Buy Co. Inc. Common Stock,Consumer Discretionary,Consumer Electronics/Video Chains
BCE,BCE Inc. Common Stock,,
BCS,Barclays PLC Common Stock,Finance,Commercial Banks
BDX,Becton Dickinson and Company Common Stock,Health Care,Medical/Dental Instruments
BEKE,KE Holdings Inc American Depositary Shares (each representing three Class A Ordinary Shares),Finance,Real Estate
BEN,Franklin Resources Inc. Common Stock,Finance,Investment Managers
BEP,Brookfield Renewable Partners L.P. ,Utilities,Electric Utilities: Central
BG,Bunge Limited Bunge Limited,Consumer Staples,Packaged Foods
BGNE,BeiGene Ltd. American Depositary Shares,Health Care,Biotechnology: Pharmaceutical Preparations
BHP,BHP Group Limited American Depositary Shares (Each representing two Ordinary Shares),Basic Materials,Metal Mining
BHVN,Biohaven Pharmaceutical Holding Company Ltd. Common Shares,Health Care,Biotechnology: Pharmaceutical Preparations
BIDU,Baidu Inc. ADS,Technology,Computer Software: Programming Data Processing
BIIB,Biogen Inc. Common Stock,Health Care,Biotechnology: Pharmaceutical Preparations
BILL,Bill.com Holdings Inc. Common Stock,Technology,Computer Software: Prepackaged Software
BIO,Bio-Rad Laboratories Inc. Class A Common Stock,Industrials,Biotechnology: Laboratory Analytical Instruments
BIP,Brookfield Infrastructure Partners LP Limited Partnership Units,Utilities,Power Generation
BJ,BJ's Wholesale Club Holdings Inc. Common Stock,Consumer Discretionary,Department/Specialty Retail Stores
BK,The Bank of New York Mellon Corporation Common Stock,Finance,Investment Managers
BKI,Black Knight Inc. Common Stock ,Technology,Computer Software: Prepackaged Software
BKNG,Booking Holdings Inc. Common Stock,Consumer Discretionary,Other Consumer Services
BKR,Baker Hughes Company Class A Common Stock,Energy,Oilfield Services/Equipment
BLDR,Builders FirstSource Inc. Common Stock,Consumer Discretionary,RETAIL: Building Materials
BLK,BlackRock Inc. Common Stock,Finance,Investment Bankers/Brokers/Service
BMO,Bank Of Montreal Common Stock,,
BMRN,BioMarin Pharmaceutical Inc. Common Stock,Health Care,Biotechnology: Pharmaceutical Preparations
BMY,Bristol-Myers Squibb Company Common Stock,Health Care,Biotechnology: Pharmaceutical Preparations
BNS,Bank Nova Scotia Halifax Pfd 3 Ordinary Shares,,
BNTX,BioNTech SE American Depositary Share,Health Care,Biotechnology: Biological Products (No Diagnostic Substances)
BP,BP p.l.c. Common Stock,Energy,Integrated oil Companies
BR,Broadridge Financial Solutions Inc. Common Stock,Consumer Discretionary,Business Services
BRKA,Berkshire Hathaway Inc.,,
BRKB,Berkshire Hathaway Inc.,,
BRO,Brown & Brown Inc. Common Stock,Finance,Specialty Insurers
BSBR,Banco Santander Brasil SA American Depositary Shares each representing one unit,Finance,Commercial Banks
BSX,Boston Scientific Corporation Common Stock,Health Care,Medical/Dental Instruments
BSY,Bentley Systems Incorporated Class B Common Stock,Technology,Retail: Computer Software & Peripheral Equipment
BTI,British American Tobacco  Industries p.l.c. Common Stock ADR,Health Care, Medicinal Chemicals and Botanical Products 
BUD,Anheuser-Busch Inbev SA Sponsored ADR (Belgium),Consumer Staples,Beverages (Production/Distribution)
BURL,Burlington Stores Inc. Common Stock,Consumer Discretionary,Apparel
BX,Blackstone Inc. Common Stock,Finance,Investment Managers
BXP,Boston Properties Inc. Common Stock,Real Estate,Real Estate Investment Trusts
BZ,KANZHUN LIMITED American Depository Shares,,
C,Citigroup Inc. Common Stock,Finance,Major Banks
CAG,ConAgra Brands Inc. Common Stock,Consumer Staples,Packaged Foods
CAH,Cardinal Health Inc. Common Stock,Health Care,Other Pharmaceuticals
CAJ,Canon Inc. American Depositary Shares,Consumer Discretionary,Industrial Machinery/Components
CARR,Carrier Global Corporation Common Stock ,Consumer Discretionary,Wholesale Distributors
CAT,Caterpillar Inc. Common Stock,Industrials,Construction/Ag Equipment/Trucks
CB,Chubb Limited  Common Stock,Finance,Property-Casualty Insurers
CBOE,Cboe Global Markets Inc. Common Stock,Finance,Investment Bankers/Brokers/Service
CBRE,CBRE Group Inc Common Stock Class A,Finance,Real Estate
CCEP,Coca-Cola Europacific Partners plc Ordinary Shares,Consumer Staples,Beverages (Production/Distribution)
CCI,Crown Castle Inc. Common Stock,Real Estate,Real Estate Investment Trusts
CCJ,Cameco Corporation Common Stock,,
CCK,Crown Holdings Inc.,Industrials,Containers/Packaging
CCL,Carnival Corporation Common Stock,,
CDNS,Cadence Design Systems Inc. Common Stock,Technology,Computer Software: Prepackaged Software
CDW,CDW Corporation Common Stock,Consumer Discretionary,Catalog/Specialty Distribution
CE,Celanese Corporation Celanese Corporation Common Stock,Industrials,Major Chemicals
CEG,Constellation Energy Corporation Common Stock ,Utilities,Power Generation
CF,CF Industries Holdings Inc. Common Stock,Industrials,Agricultural Chemicals
CFG,Citizens Financial Group Inc. Common Stock,Finance,Major Banks
CG,The Carlyle Group Inc. Common Stock,Finance,Investment Managers
CHD,Church & Dwight Company Inc. Common Stock,Consumer Discretionary,Package Goods/Cosmetics
CHK,Chesapeake Energy Corporation Common Stock,Energy,Oil & Gas Production
CHKP,Check Point Software Technologies Ltd. Ordinary Shares,Technology,Computer Software: Prepackaged Software
CHRW,C.H. Robinson Worldwide Inc. Common Stock,Consumer Discretionary,Oil Refining/Marketing
CHT,Chunghwa Telecom Co. Ltd.,Telecommunications,Telecommunications Equipment
CHTR,Charter Communications Inc. Class A Common Stock New,Consumer Discretionary,Telecommunications Equipment
CHWY,Chewy Inc. Class A Common Stock,Consumer Discretionary,Catalog/Specialty Distribution
CI,Cigna Corporation Common Stock,Health Care,Medical Specialities
CINF,Cincinnati Financial Corporation Common Stock,Finance,Property-Casualty Insurers
CL,Colgate-Palmolive Company Common Stock,Consumer Discretionary,Package Goods/Cosmetics
CLX,Clorox Company (The) Common Stock,Consumer Discretionary,Specialty Chemicals
CM,Canadian Imperial Bank of Commerce Common Stock,,
CMA,Comerica Incorporated Common Stock,Finance,Major Banks
CMCSA,Comcast Corporation Class A Common Stock,Consumer Discretionary,Telecommunications Equipment
CME,CME Group Inc. Class A Common Stock,Finance,Investment Bankers/Brokers/Service
CMG,Chipotle Mexican Grill Inc. Common Stock,Consumer Discretionary,Restaurants
CMI,Cummins Inc. Common Stock,Industrials,Construction/Ag Equipment/Trucks
CMS,CMS Energy Corporation Common Stock,Utilities,Power Generation
CNA,CNA Financial Corporation Common Stock,Finance,Property-Casualty Insurers
CNC,Centene Corporation Common Stock,Health Care,Medical Specialities
CNHI,CNH Industrial N.V. Common Shares,Industrials,Construction/Ag Equipment/Trucks
CNI,Canadian National Railway Company Common Stock,,
CNP,CenterPoint Energy Inc (Holding Co) Common Stock,Utilities,Electric Utilities: Central
CNQ,Canadian Natural Resources Limited Common Stock,,
COF,Capital One Financial Corporation Common Stock,Finance,Finance Companies
COIN,Coinbase Global Inc. Class A Common Stock,Technology,EDP Services
COO,The Cooper Companies Inc. Common Stock,Health Care,Ophthalmic Goods
COP,ConocoPhillips Common Stock,Energy,Integrated oil Companies
COST,Costco Wholesale Corporation Common Stock,Consumer Discretionary,Department/Specialty Retail Stores
CP,Canadian Pacific Railway Limited Common Stock,,
CPB,Campbell Soup Company Common Stock,Consumer Staples,Packaged Foods
CPNG,Coupang Inc. Class A Common Stock,Consumer Discretionary,Durable Goods
CPRT,Copart Inc. (DE) Common Stock,Consumer Discretionary,Other Specialty Stores
CPT,Camden Property Trust Common Stock,Real Estate,Real Estate Investment Trusts
CQP,Cheniere Energy Partners LP Cheniere Energy Partners LP Common Units,Utilities,Oil/Gas Transmission
CRH,CRH PLC American Depositary Shares,Industrials,Building Materials
CRL,Charles River Laboratories International Inc. Common Stock,Consumer Discretionary,EDP Services
CRM,Salesforce Inc. Common Stock,Technology,Computer Software: Prepackaged Software
CRWD,CrowdStrike Holdings Inc. Class A Common Stock,Technology,EDP Services
CS,Credit Suisse Group American Depositary Shares,Finance,Investment Bankers/Brokers/Service
CSCO,Cisco Systems Inc. Common Stock (DE),Telecommunications,Computer Communications Equipment
CSGP,CoStar Group Inc. Common Stock,Finance,Real Estate
CSL,Carlisle Companies Incorporated Common Stock,,
CSX,CSX Corporation Common Stock,Industrials,Railroads
CTAS,Cintas Corporation Common Stock,Consumer Discretionary,Business Services
CTLT,Catalent Inc. Common Stock,Health Care,Biotechnology: Pharmaceutical Preparations
CTRA,Coterra Energy Inc. Common Stock,Energy,Oil & Gas Production
CTSH,Cognizant Technology Solutions Corporation Class A Common Stock,Technology,EDP Services
CTVA,Corteva Inc. Common Stock ,Industrials,Major Chemicals
CUBE,CubeSmart Common Shares,Real Estate,Real Estate Investment Trusts
CUK,Carnival Plc ADS ADS,Consumer Discretionary,Marine Transportation
CVE,Cenovus Energy Inc Common Stock,,
CVS,CVS Health Corporation Common Stock,Health Care,Managed Health Care
CVX,Chevron Corporation Common Stock,Energy,Integrated oil Companies
CZR,Caesars Entertainment Inc. Common Stock,Consumer Discretionary,Hotels/Resorts
D,Dominion Energy Inc. Common Stock,Utilities,Electric Utilities: Central
DAL,Delta Air Lines Inc. Common Stock,Consumer Discretionary,Air Freight/Delivery Services
DAR,Darling Ingredients Inc. Common Stock,Consumer Staples,Farming/Seeds/Milling
DASH,DoorDash Inc. Class A Common Stock,Industrials,Industrial Machinery/Components
DB,Deutsche Bank AG Common Stock,Finance,Commercial Banks
DBRG,DigitalBridge Group Inc.,Real Estate,Real Estate Investment Trusts
DD,DuPont de Nemours Inc. Common Stock,Consumer Discretionary,Wholesale Distributors
DDOG,Datadog Inc. Class A Common Stock,Technology,EDP Services
DE,Deere & Company Common Stock,Industrials,Industrial Machinery/Components
DELL,Dell Technologies Inc. Class C Common Stock ,Technology,Computer Manufacturing
DEO,Diageo plc Common Stock,Consumer Staples,Beverages (Production/Distribution)
DFS,Discover Financial Services Common Stock,Finance,Finance: Consumer Services
DG,Dollar General Corporation Common Stock,Consumer Discretionary,Department/Specialty Retail Stores
DGX,Quest Diagnostics Incorporated Common Stock,Health Care,Medical Specialities
DHI,D.R. Horton Inc. Common Stock,,
DHR,Danaher Corporation Common Stock,Health Care,Medical Specialities
DINO,HF Sinclair Corporation Common Stock,Energy,Integrated oil Companies
DIS,Walt Disney Company (The) Common Stock,Consumer Discretionary,Movies/Entertainment
DISH,DISH Network Corporation Class A Common Stock,Consumer Discretionary,Telecommunications Equipment
DLR,Digital Realty Trust Inc. Common Stock,Real Estate,Real Estate Investment Trusts
DLTR,Dollar Tree Inc. Common Stock,Consumer Discretionary,Department/Specialty Retail Stores
DOCU,DocuSign Inc. Common Stock,Technology,EDP Services
DOV,Dover Corporation Common Stock,Industrials,Industrial Machinery/Components
DOW,Dow Inc. Common Stock ,Industrials,Industrial Specialties
DOX,Amdocs Limited Ordinary Shares,Technology,EDP Services
DPZ,Domino's Pizza Inc Common Stock,Consumer Discretionary,Food Distributors
DRI,Darden Restaurants Inc. Common Stock,Consumer Discretionary,Restaurants
DT,Dynatrace Inc. Common Stock,Technology,EDP Services
DTE,DTE Energy Company Common Stock,Utilities,Electric Utilities: Central
DUK,Duke Energy Corporation (Holding Company) Common Stock,Utilities,Power Generation
DVN,Devon Energy Corporation Common Stock,Energy,Oil & Gas Production
DXCM,DexCom Inc. Common Stock,Health Care,Medical Specialities
E,ENI S.p.A. Common Stock,Energy,Oil & Gas Production
EA,Electronic Arts Inc. Common Stock,Consumer Discretionary,Recreational Games/Products/Toys
EBAY,eBay Inc. Common Stock,Consumer Discretionary,Catalog/Specialty Distribution
EBR,Centrais Electricas Brasileiras S A American Depositary Shares (Each representing one Common Share),Utilities,Electric Utilities: Central
EC,Ecopetrol S.A. American Depositary Shares,Energy,Oil & Gas Production
ECL,Ecolab Inc. Common Stock,Consumer Discretionary,Package Goods/Cosmetics
ED,Consolidated Edison Inc. Common Stock,Utilities,Power Generation
EFX,Equifax Inc. Common Stock,Finance,Advertising
EIX,Edison International Common Stock,Utilities,Electric Utilities: Central
EL,Estee Lauder Companies Inc. (The) Common Stock,Consumer Discretionary,Package Goods/Cosmetics
ELP,Companhia Paranaense de Energia (COPEL) American Depositary Shares (each representing one Unit consisting one Common Share and four non-voting Class B Preferred Shares),Utilities,Electric Utilities: Central
ELS,Equity Lifestyle Properties Inc. Common Stock,Real Estate,Real Estate Investment Trusts
ELV,Elevance Health Inc. Common Stock,Health Care,Medical Specialities
EMN,Eastman Chemical Company Common Stock,Industrials,Major Chemicals
EMR,Emerson Electric Company Common Stock,Industrials,Industrial Machinery/Components
ENB,Enbridge Inc Common Stock,Energy,Oil & Gas Production
ENPH,Enphase Energy Inc. Common Stock,Technology,Electrical Products
ENTG,Entegris Inc. Common Stock,Technology,Semiconductors
EOG,EOG Resources Inc. Common Stock,Energy,Oil & Gas Production
EPAM,EPAM Systems Inc. Common Stock,Technology,EDP Services
EPD,Enterprise Products Partners L.P. Common Stock,Utilities,Natural Gas Distribution
EQH,Equitable Holdings Inc. Common Stock,,
EQIX,Equinix Inc. Common Stock REIT,Real Estate,Real Estate Investment Trusts
EQNR,Equinor ASA,Energy,Integrated oil Companies
EQR,Equity Residential Common Shares of Beneficial Interest,Real Estate,Real Estate Investment Trusts
EQT,EQT Corporation Common Stock,Energy,Oil & Gas Production
ERIC,Ericsson American Depositary Shares,Technology,Computer Software: Prepackaged Software
ERIE,Erie Indemnity Company Class A Common Stock,Finance,Specialty Insurers
ES,Eversource Energy (D/B/A) Common Stock,Utilities,Electric Utilities: Central
ESS,Essex Property Trust Inc. Common Stock,Real Estate,Real Estate Investment Trusts
ET,Energy Transfer LP Common Units ,Utilities,Natural Gas Distribution
ETN,Eaton Corporation PLC Ordinary Shares,Industrials,Industrial Machinery/Components
ETR,Entergy Corporation Common Stock,Utilities,Electric Utilities: Central
ETSY,Etsy Inc. Common Stock,Consumer Discretionary,Catalog/Specialty Distribution
EVRG,Evergy Inc. Common Stock,Utilities,Power Generation
EW,Edwards Lifesciences Corporation Common Stock,Health Care,Industrial Specialties
EWBC,East West Bancorp Inc. Common Stock,Finance,Commercial Banks
EXC,Exelon Corporation Common Stock,Utilities,Power Generation
EXPD,Expeditors International of Washington Inc. Common Stock,Consumer Discretionary,Oil Refining/Marketing
EXPE,Expedia Group Inc. Common Stock,Consumer Discretionary,Other Consumer Services
EXR,Extra Space Storage Inc Common Stock,Real Estate,Real Estate Investment Trusts
F,Ford Motor Company Common Stock,Consumer Discretionary,Auto Manufacturing
FANG,Diamondback Energy Inc. Common Stock,Energy,Oil & Gas Production
FAST,Fastenal Company Common Stock,Basic Materials,Construction Materials
FCNCA,First Citizens BancShares Inc. Class A Common Stock,Finance,Major Banks
FCX,Freeport-McMoRan Inc. Common Stock,Basic Materials,Metal Mining
FDS,FactSet Research Systems Inc. Common Stock,Finance,Advertising
FDX,FedEx Corporation Common Stock,Consumer Discretionary,Air Freight/Delivery Services
FE,FirstEnergy Corp. Common Stock,Utilities,Electric Utilities: Central
FERG,Ferguson plc Ordinary Shares,Consumer Discretionary,Industrial Machinery/Components
FHN,First Horizon Corporation Common Stock,Finance,Major Banks
FICO,Fair Isaac Corproation Common Stock,Technology,Computer Software: Prepackaged Software
FIS,Fidelity National Information Services Inc. Common Stock,Consumer Discretionary,Business Services
FISV,Fiserv Inc. Common Stock,Consumer Discretionary,Business Services
FITB,Fifth Third Bancorp Common Stock,Finance,Major Banks
FLT,FleetCor Technologies Inc. Common Stock,Technology,EDP Services
FMC,FMC Corporation Common Stock,Industrials,Agricultural Chemicals
FMS,Fresenius Medical Care AG Common Stock,Health Care,Medical/Nursing Services
FMX,Fomento Economico Mexicano S.A.B. de C.V. Common Stock,Consumer Staples,Beverages (Production/Distribution)
FNF,FNF Group of Fidelity National Financial Inc. Common Stock,Finance,Specialty Insurers
FNV,Franco-Nevada Corporation,,
FOX,Fox Corporation Class B Common Stock,Industrials,Broadcasting
FOXA,Fox Corporation Class A Common Stock,Industrials,Broadcasting
FRC,FIRST REPUBLIC BANK Common Stock,Finance,Commercial Banks
FSLR,First Solar Inc. Common Stock,Technology,Semiconductors
FTNT,Fortinet Inc. Common Stock,Technology,Security Systems Services
FTS,Fortis Inc. Common Shares,Utilities,Electric Utilities: Central
FTV,Fortive Corporation Common Stock ,Industrials,Industrial Machinery/Components
FWONA,Liberty Media Corporation Series A Liberty Formula One Common Stock,Consumer Discretionary,Movies/Entertainment
FWONK,Liberty Media Corporation Series C Liberty Formula One Common Stock,Consumer Discretionary,Movies/Entertainment
GD,General Dynamics Corporation Common Stock,Industrials,Aerospace
GDDY,GoDaddy Inc. Class A Common Stock,Technology,EDP Services
GE,General Electric Company Common Stock,Consumer Discretionary,Metal Fabrications
GFL,GFL Environmental Inc. Subordinate voting shares no par value,,
GFS,GlobalFoundries Inc. Ordinary Shares,,
GGG,Graco Inc. Common Stock,Industrials,Fluid Controls
GIB,CGI Inc. Common Stock,,
GILD,Gilead Sciences Inc. Common Stock,Health Care,Biotechnology: Pharmaceutical Preparations
GIS,General Mills Inc. Common Stock,Consumer Staples,Food Chains
GL,Globe Life Inc. Common Stock,Finance,Life Insurance
GLPI,Gaming and Leisure Properties Inc. Common Stock,Real Estate,Real Estate Investment Trusts
GLW,Corning Incorporated Common Stock,Technology,Industrial Machinery/Components
GM,General Motors Company Common Stock,Consumer Discretionary,Auto Manufacturing
GMAB,Genmab A/S ADS,Health Care,Biotechnology: Commercial Physical & Biological Resarch
GNRC,Generac Holdlings Inc. Common Stock,Consumer Discretionary,Metal Fabrications
GOLD,Barrick Gold Corporation Common Stock (BC),,
GOOG,Alphabet Inc. Class C Capital Stock,Technology,Internet and Information Services
GOOGL,Alphabet Inc. Class A Common Stock,Technology,Internet and Information Services
GPC,Genuine Parts Company Common Stock,Consumer Discretionary,Automotive Aftermarket
GPN,Global Payments Inc. Common Stock,Consumer Discretionary,Business Services
GRAB,Grab Holdings Limited Class A Ordinary Shares,,
GRMN,Garmin Ltd. Common Stock (Switzerland),Industrials,Industrial Machinery/Components
GS,Goldman Sachs Group Inc. (The) Common Stock,Finance,Investment Bankers/Brokers/Service
GWW,W.W. Grainger Inc. Common Stock,Consumer Discretionary,Telecommunications Equipment
H,Hyatt Hotels Corporation Class A Common Stock,Consumer Discretionary,Hotels/Resorts
HAL,Halliburton Company Common Stock,Energy,Oil & Gas Production
HAS,Hasbro Inc. Common Stock,Consumer Discretionary,Recreational Games/Products/Toys
HBAN,Huntington Bancshares Incorporated Common Stock,Finance,Major Banks
HCA,HCA Healthcare Inc. Common Stock,Health Care,Hospital/Nursing Management
HD,Home Depot Inc. (The) Common Stock,Consumer Discretionary,RETAIL: Building Materials
HDB,HDFC Bank Limited Common Stock,Finance,Commercial Banks
HEI,Heico Corporation Common Stock,Industrials,Military/Government/Technical
HES,Hess Corporation Common Stock,Energy,Oil & Gas Production
HIG,Hartford Financial Services Group Inc. (The) Common Stock,Finance,Property-Casualty Insurers
HKD,AMTD Digital Inc. American Depositary Shares (every five of which represent two Class A Ordinary Shares),,
HLN,Haleon plc American Depositary Shares (Each representing two Ordinary Shares),,
HLT,Hilton Worldwide Holdings Inc. Common Stock ,Consumer Discretionary,Hotels/Resorts
HMC,Honda Motor Company Ltd. Common Stock,Consumer Discretionary,Auto Manufacturing
HOLX,Hologic Inc. Common Stock,Health Care,Medical Electronics
HON,Honeywell International Inc. Common Stock,Industrials,Consumer Electronics/Appliances
HPE,Hewlett Packard Enterprise Company Common Stock,Telecommunications,Telecommunications Equipment
HPQ,HP Inc. Common Stock,Technology,Computer Manufacturing
HRL,Hormel Foods Corporation Common Stock,Consumer Staples,Meat/Poultry/Fish
HSBC,HSBC Holdings plc. Common Stock,Finance,Savings Institutions
HSIC,Henry Schein Inc. Common Stock,Health Care,Medical Specialities
HST,Host Hotels & Resorts Inc. Common Stock,Real Estate,Real Estate Investment Trusts
HSY,The Hershey Company Common Stock,Consumer Staples,Specialty Foods
HTHT,H World Group Limited American Depositary Shares,Consumer Discretionary,Hotels/Resorts
HUBB,Hubbell Inc Common Stock,Technology,Industrial Machinery/Components
HUBS,HubSpot Inc. Common Stock,Technology,Computer Software: Prepackaged Software
HUM,Humana Inc. Common Stock,Health Care,Medical Specialities
HWM,Howmet Aerospace Inc. Common Stock,Industrials,Military/Government/Technical
HZNP,Horizon Therapeutics Public Limited Company Ordinary Shares,Health Care,Biotechnology: Pharmaceutical Preparations
IBM,International Business Machines Corporation Common Stock,Technology,EDP Services
IBN,ICICI Bank Limited Common Stock,Finance,Commercial Banks
ICE,Intercontinental Exchange Inc. Common Stock,Finance,Investment Bankers/Brokers/Service
ICL,ICL Group Ltd. Ordinary Shares,Industrials,Agricultural Chemicals
ICLR,ICON plc Ordinary Shares,Health Care,Biotechnology: Commercial Physical & Biological Resarch
IDXX,IDEXX Laboratories Inc. Common Stock,Health Care,Biotechnology: In Vitro & In Vivo Diagnostic Substances
IEP,Icahn Enterprises L.P. Common Stock,Industrials,Consumer Electronics/Appliances
IEX,IDEX Corporation Common Stock,Industrials,Fluid Controls
IFF,International Flavors & Fragrances Inc. Common Stock,Industrials,Major Chemicals
IHG,Intercontinental Hotels Group American Depositary Shares (Each representing one Ordinary Share),Consumer Discretionary,Hotels/Resorts
ILMN,Illumina Inc. Common Stock,Health Care,Medical Specialities
IMO,Imperial Oil Limited Common Stock,,
INCY,Incyte Corp. Common Stock,Health Care,Biotechnology: Commercial Physical & Biological Resarch
INFY,Infosys Limited American Depositary Shares,Technology,EDP Services
ING,ING Group N.V. Common Stock,Finance,Commercial Banks
INTC,Intel Corporation Common Stock,Technology,Semiconductors
INTR,Inter & Co. Inc. Class A Common Shares,,
INTU,Intuit Inc. Common Stock,Technology,Computer Software: Prepackaged Software
INVH,Invitation Homes Inc. Common Stock,Real Estate,Real Estate Investment Trusts
IP,International Paper Company Common Stock,Industrials,Containers/Packaging
IPG,Interpublic Group of Companies Inc. (The) Common Stock,Consumer Discretionary,Advertising
IQV,IQVIA Holdings Inc. Common Stock,Health Care,Managed Health Care
IR,Ingersoll Rand Inc. Common Stock,Industrials,Industrial Machinery/Components
IRM,Iron Mountain Incorporated (Delaware)Common Stock REIT,Real Estate,Real Estate Investment Trusts
ISRG,Intuitive Surgical Inc. Common Stock,Health Care,Medical/Dental Instruments
IT,Gartner Inc. Common Stock,Finance,Diversified Commercial Services
ITUB,Itau Unibanco Banco Holding SA American Depositary Shares (Each repstg 500 Preferred shares),Finance,Major Banks
ITW,Illinois Tool Works Inc. Common Stock,Industrials,Industrial Machinery/Components
IX,Orix Corp Ads Common Stock,Finance,Diversified Financial Services
J,Jacobs Solutions Inc. Common Stock,Industrials,Oilfield Services/Equipment
JBHT,J.B. Hunt Transport Services Inc. Common Stock,Industrials,Trucking Freight/Courier Services
JCI,Johnson Controls International plc Ordinary Share,Consumer Discretionary,Auto Parts:O.E.M.
JD,JD.com Inc. American Depositary Shares,Consumer Discretionary,Catalog/Specialty Distribution
JHX,James Hardie Industries plc American Depositary Shares (Ireland),Industrials,Building Materials
JKHY,Jack Henry & Associates Inc. Common Stock,Technology,Retail: Computer Software & Peripheral Equipment
JNJ,Johnson & Johnson Common Stock,Health Care,Biotechnology: Pharmaceutical Preparations
JPM,JP Morgan Chase & Co. Common Stock,Finance,Major Banks
K,Kellogg Company Common Stock,Consumer Staples,Packaged Foods
KB,KB Financial Group Inc,Finance,Commercial Banks
KDP,Keurig Dr Pepper Inc. Common Stock,Consumer Staples,Beverages (Production/Distribution)
KEY,KeyCorp Common Stock,Finance,Major Banks
KEYS,Keysight Technologies Inc. Common Stock,Industrials,Industrial Machinery/Components
KHC,The Kraft Heinz Company Common Stock,Consumer Staples,Farming/Seeds/Milling
KIM,Kimco Realty Corporation Common Stock,Real Estate,Real Estate Investment Trusts
KKR,KKR & Co. Inc. Common Stock,Finance,Investment Managers
KLAC,KLA Corporation Common Stock,Technology,Electronic Components
KMB,Kimberly-Clark Corporation Common Stock,Consumer Discretionary,Paper
KMI,Kinder Morgan Inc. Common Stock,Utilities,Natural Gas Distribution
KMX,CarMax Inc,Consumer Discretionary,Other Specialty Stores
KO,Coca-Cola Company (The) Common Stock,Consumer Staples,Beverages (Production/Distribution)
KOF,Coca Cola Femsa S.A.B. de C.V.  American Depositary Shares each representing 10 Units (each Unit consists of 3 Series B Shares and 5 Series L Shares),Consumer Staples,Beverages (Production/Distribution)
KR,Kroger Company (The) Common Stock,Consumer Staples,Food Chains
L,Loews Corporation Common Stock,Finance,Property-Casualty Insurers
LAMR,Lamar Advertising Company Class A Common Stock,Real Estate,Real Estate Investment Trusts
LBRDA,Liberty Broadband Corporation Class A Common Stock,Consumer Discretionary,Telecommunications Equipment
LBRDK,Liberty Broadband Corporation Class C Common Stock,Consumer Discretionary,Telecommunications Equipment
LBTYK,Liberty Global plc Class C Ordinary Shares,Telecommunications,Cable & Other Pay Television Services
LCID,Lucid Group Inc. Common Stock,Consumer Discretionary,Auto Manufacturing
LDOS,Leidos Holdings Inc. Common Stock,Technology,EDP Services
LEN,Lennar Corporation Class A Common Stock,Real Estate,Building operators
LH,Laboratory Corporation of America Holdings Common Stock,Health Care,Medical Specialities
LHX,L3Harris Technologies Inc. Common Stock,Industrials,Industrial Machinery/Components
LI,Li Auto Inc. American Depositary Shares,Consumer Discretionary,Auto Manufacturing
LIN,Linde plc Ordinary Share,Industrials,Major Chemicals
LKQ,LKQ Corporation Common Stock,Consumer Discretionary,Automotive Aftermarket
LLY,Eli Lilly and Company Common Stock,Health Care,Biotechnology: Pharmaceutical Preparations
LMT,Lockheed Martin Corporation Common Stock,Industrials,Aerospace
LNG,Cheniere Energy Inc. Common Stock,Utilities,Oil/Gas Transmission
LNT,Alliant Energy Corporation Common Stock,Utilities,Power Generation
LOW,Lowe's Companies Inc. Common Stock,Consumer Discretionary,RETAIL: Building Materials
LPLA,LPL Financial Holdings Inc. Common Stock,Finance,Investment Bankers/Brokers/Service
LRCX,Lam Research Corporation Common Stock,Technology,Industrial Machinery/Components
LSI,Life Storage Inc. Common Stock,Real Estate,Real Estate Investment Trusts
LSXMA,Liberty Media Corporation Series A Liberty SiriusXM Common Stock,Consumer Discretionary,Broadcasting
LSXMB,Liberty Media Corporation Series B Liberty SiriusXM Common Stock,Consumer Discretionary,Broadcasting
LSXMK,Liberty Media Corporation Series C Liberty SiriusXM Common Stock,Consumer Discretionary,Broadcasting
LULU,lululemon athletica inc. Common Stock,Consumer Discretionary,Department/Specialty Retail Stores
LUMN,Lumen Technologies Inc. Common Stock,Telecommunications,Telecommunications Equipment
LUV,Southwest Airlines Company Common Stock,Consumer Discretionary,Air Freight/Delivery Services
LVS,Las Vegas Sands Corp. Common Stock,Consumer Discretionary,Hotels/Resorts
LW,Lamb Weston Holdings Inc. Common Stock ,Consumer Staples,Specialty Foods
LYB,LyondellBasell Industries NV Ordinary Shares Class A (Netherlands),Industrials,Major Chemicals
LYG,Lloyds Banking Group Plc American Depositary Shares,Finance,Commercial Banks
LYV,Live Nation Entertainment Inc. Common Stock,Consumer Discretionary,Movies/Entertainment
MA,Mastercard Incorporated Common Stock,Consumer Discretionary,Business Services
MAA,Mid-America Apartment Communities Inc. Common Stock,Real Estate,Real Estate Investment Trusts
MAR,Marriott International Class A Common Stock,Consumer Discretionary,Hotels/Resorts
MAS,Masco Corporation Common Stock,Industrials,Building Products
MCD,McDonald's Corporation Common Stock,Consumer Discretionary,Restaurants
MCHP,Microchip Technology Incorporated Common Stock,Technology,Semiconductors
MCK,McKesson Corporation Common Stock,Health Care,Other Pharmaceuticals
MCO,Moody's Corporation Common Stock,Finance,Advertising
MDB,MongoDB Inc. Class A Common Stock,Technology,Retail: Computer Software & Peripheral Equipment
MDLZ,Mondelez International Inc. Class A Common Stock,Consumer Staples,Meat/Poultry/Fish
MDT,Medtronic plc. Ordinary Shares,Health Care,Biotechnology: Electromedical & Electrotherapeutic Apparatus
MELI,MercadoLibre Inc. Common Stock,Consumer Discretionary,Catalog/Specialty Distribution
MET,MetLife Inc. Common Stock,Finance,Life Insurance
META,Meta Platforms Inc. Class A Common Stock,Technology,Internet and Information Services
MFC,Manulife Financial Corporation Common Stock,Consumer Discretionary,Advertising
MFG,Mizuho Financial Group Inc. Sponosred ADR (Japan),Finance,Major Banks
MGA,Magna International Inc. Common Stock,Consumer Discretionary,Auto Parts:O.E.M.
MGM,MGM Resorts International Common Stock,Consumer Discretionary,Hotels/Resorts
MKC,McCormick & Company Incorporated Common Stock,Consumer Staples,Farming/Seeds/Milling
MKL,Markel Corporation Common Stock,Finance,Property-Casualty Insurers
MLM,Martin Marietta Materials Inc. Common Stock,Industrials,Building Materials
MMC,Marsh & McLennan Companies Inc. Common Stock,Finance,Specialty Insurers
MMM,3M Company Common Stock,Industrials,Consumer Electronics/Appliances
MMP,Magellan Midstream Partners L.P. Limited Partnership,Energy,Oil & Gas Production
MNST,Monster Beverage Corporation,Consumer Staples,Beverages (Production/Distribution)
MO,Altria Group Inc.,Health Care, Medicinal Chemicals and Botanical Products 
MOH,Molina Healthcare Inc Common Stock,Health Care,Medical Specialities
MORN,Morningstar Inc. Common Stock,Finance,Advertising
MOS,Mosaic Company (The) Common Stock,Industrials,Agricultural Chemicals
MPC,Marathon Petroleum Corporation Common Stock,Energy,Integrated oil Companies
MPLX,MPLX LP Common Units Representing Limited Partner Interests,Energy,Oil & Gas Production
MPWR,Monolithic Power Systems Inc. Common Stock,Technology,Semiconductors
MRK,Merck & Company Inc. Common Stock (new),Health Care,Biotechnology: Pharmaceutical Preparations
MRNA,Moderna Inc. Common Stock,Health Care,Biotechnology: Biological Products (No Diagnostic Substances)
MRO,Marathon Oil Corporation Common Stock,Energy,Oil & Gas Production
MRVL,Marvell Technology Inc. Common Stock,Technology,Semiconductors
MS,Morgan Stanley Common Stock,Finance,Investment Bankers/Brokers/Service
MSCI,MSCI Inc Common Stock,Finance,Advertising
MSFT,Microsoft Corporation Common Stock,Technology,Computer Software: Prepackaged Software
MSI,Motorola Solutions Inc. Common Stock,Technology,Radio And Television Broadcasting And Communications Equipment
MT,Arcelor Mittal NY Registry Shares NEW,Industrials,Steel/Iron Ore
MTB,M&T Bank Corporation Common Stock,Finance,Major Banks
MTCH,Match Group Inc. Common Stock,Technology,Computer Software: Programming Data Processing
MTD,Mettler-Toledo International Inc. Common Stock,Health Care,Medical Specialities
MU,Micron Technology Inc. Common Stock,Technology,Semiconductors
MUFG,Mitsubishi UFJ Financial Group Inc. Common Stock,Finance,Commercial Banks
NBIX,Neurocrine Biosciences Inc. Common Stock,Health Care,Biotechnology: Biological Products (No Diagnostic Substances)
NDAQ,Nasdaq Inc. Common Stock,Finance,Investment Bankers/Brokers/Service
NDSN,Nordson Corporation Common Stock,Industrials,Industrial Machinery/Components
NEE,NextEra Energy Inc. Common Stock,Utilities,Electric Utilities: Central
NEM,Newmont Corporation,Basic Materials,Precious Metals
NET,Cloudflare Inc. Class A Common Stock,Technology,EDP Services
NFE,New Fortress Energy Inc. Class A Common Stock,Utilities,Oil/Gas Transmission
NFLX,Netflix Inc. Common Stock,Consumer Discretionary,Consumer Electronics/Video Chains
NGG,National Grid Transco PLC National Grid PLC (NEW) American Depositary Shares,Utilities,Natural Gas Distribution
NI,NiSource Inc Common Stock,Utilities,Power Generation
NICE,NICE Ltd American Depositary Shares,Technology,Computer Manufacturing
NIO,NIO Inc. American depositary shares each  representing one Class A ordinary share,Finance,Finance Companies
NKE,Nike Inc. Common Stock,Consumer Discretionary,Shoe Manufacturing
NLOK,NortonLifeLock Inc. Common Stock,Technology,Computer Software: Prepackaged Software
NLSN,Nielsen N.V. Ordinary Shares,Consumer Discretionary,Business Services
NLY,Annaly Capital Management Inc Common Stock,Real Estate,Real Estate Investment Trusts
NMR,Nomura Holdings Inc ADR American Depositary Shares,Finance,Investment Bankers/Brokers/Service
NOC,Northrop Grumman Corporation Common Stock,Technology,Security Systems Services
NOK,Nokia Corporation Sponsored American Depositary Shares,Technology,Radio And Television Broadcasting And Communications Equipment
NOW,ServiceNow Inc. Common Stock,Technology,Computer Software: Prepackaged Software
NRG,NRG Energy Inc. Common Stock,Utilities,Electric Utilities: Central
NSC,Norfolk Southern Corporation Common Stock,Industrials,Railroads
NTAP,NetApp Inc. Common Stock,Technology,Electronic Components
NTES,NetEase Inc. American Depositary Shares,Consumer Discretionary,Recreational Games/Products/Toys
NTR,Nutrien Ltd. Common Shares,Industrials,Agricultural Chemicals
NTRS,Northern Trust Corporation Common Stock,Finance,Trusts Except Educational Religious and Charitable
NU,Nu Holdings Ltd. Class A Ordinary Shares,,
NUE,Nucor Corporation Common Stock,Industrials,Steel/Iron Ore
NVDA,NVIDIA Corporation Common Stock,Technology,Semiconductors
NVO,Novo Nordisk A/S Common Stock,Health Care,Biotechnology: Pharmaceutical Preparations
NVR,NVR Inc. Common Stock,Consumer Discretionary,Homebuilding
NVS,Novartis AG Common Stock,Health Care,Biotechnology: Pharmaceutical Preparations
NWG,NatWest Group plc American Depositary Shares (each representing two (2) Ordinary Shares),Finance,Commercial Banks
NWS,News Corporation Class B Common Stock,Consumer Discretionary,Movies/Entertainment
NWSA,News Corporation Class A Common Stock,Consumer Discretionary,Movies/Entertainment
NXPI,NXP Semiconductors N.V. Common Stock,Technology,Semiconductors
O,Realty Income Corporation Common Stock,Real Estate,Real Estate Investment Trusts
ODFL,Old Dominion Freight Line Inc. Common Stock,Industrials,Trucking Freight/Courier Services
OKE,ONEOK Inc. Common Stock,Utilities,Oil & Gas Production
OKTA,Okta Inc. Class A Common Stock,Technology,EDP Services
OMC,Omnicom Group Inc. Common Stock,Consumer Discretionary,Advertising
ON,ON Semiconductor Corporation Common Stock,Technology,Semiconductors
ORAN,Orange,Telecommunications,Telecommunications Equipment
ORCL,Oracle Corporation Common Stock,Technology,Computer Software: Prepackaged Software
ORLY,O'Reilly Automotive Inc. Common Stock,Consumer Discretionary,Auto & Home Supply Stores
OTIS,Otis Worldwide Corporation Common Stock ,,
OVV,Ovintiv Inc. (DE),Energy,Oil & Gas Production
OXY,Occidental Petroleum Corporation Common Stock,Energy,Oil & Gas Production
PANW,Palo Alto Networks Inc. Common Stock,Technology,EDP Services
PARA,Paramount Global Class B Common Stock,Consumer Discretionary,Movies/Entertainment
PARAA,Paramount Global Class A Common Stock,Consumer Discretionary,Movies/Entertainment
PAYC,Paycom Software Inc. Common Stock,Technology,Computer Software: Prepackaged Software
PAYX,Paychex Inc. Common Stock,Consumer Discretionary,Business Services
PBA,Pembina Pipeline Corp. Ordinary Shares (Canada),Energy,Oil & Gas Production
PBR,Petroleo Brasileiro S.A.- Petrobras Common Stock,Energy,Oil & Gas Production
PCAR,PACCAR Inc. Common Stock,Industrials,Construction/Ag Equipment/Trucks
PCG,Pacific Gas & Electric Co. Common Stock,Utilities,Power Generation
PCTY,Paylocity Holding Corporation Common Stock,Technology,Computer Software: Prepackaged Software
PDD,Pinduoduo Inc. American Depositary Shares,Consumer Discretionary,Catalog/Specialty Distribution
PEAK,Healthpeak Properties Inc. Common Stock,Real Estate,Real Estate Investment Trusts
PEG,Public Service Enterprise Group Incorporated Common Stock,Utilities,Power Generation
PEP,PepsiCo Inc. Common Stock,Consumer Staples,Beverages (Production/Distribution)
PFE,Pfizer Inc. Common Stock,Health Care,Biotechnology: Pharmaceutical Preparations
PFG,Principal Financial Group Inc Common Stock,Finance,Investment Managers
PG,Procter & Gamble Company (The) Common Stock,Consumer Discretionary,Package Goods/Cosmetics
PGR,Progressive Corporation (The) Common Stock,Finance,Property-Casualty Insurers
PH,Parker-Hannifin Corporation Common Stock,Industrials,Office Equipment/Supplies/Services
PHG,Koninklijke Philips N.V. NY Registry Shares,Health Care,Biotechnology: Electromedical & Electrotherapeutic Apparatus
PHM,PulteGroup Inc. Common Stock,,
PINS,Pinterest Inc. Class A Common Stock,Technology,Interactive Media
PKG,Packaging Corporation of America Common Stock,Basic Materials,Paper
PKI,PerkinElmer Inc. Common Stock,Health Care,Medical Specialities
PKX,POSCO Holdings Inc. American Depositary Shares (Each representing 1/4th of a share of Common Stock),Industrials,Steel/Iron Ore
PLD,Prologis Inc. Common Stock,Real Estate,Real Estate Investment Trusts
PLTR,Palantir Technologies Inc. Class A Common Stock,Technology,Retail: Computer Software & Peripheral Equipment
PLUG,Plug Power Inc. Common Stock,Consumer Discretionary,Electrical Products
PM,Philip Morris International Inc Common Stock,Health Care, Medicinal Chemicals and Botanical Products 
PNC,PNC Financial Services Group Inc. (The) Common Stock,Finance,Major Banks
PODD,Insulet Corporation Common Stock,Health Care,Medical/Dental Instruments
POOL,Pool Corporation Common Stock,Industrials,Industrial Machinery/Components
PPG,PPG Industries Inc. Common Stock,Consumer Discretionary,Paints/Coatings
PPL,PPL Corporation Common Stock,Utilities,Electric Utilities: Central
PRU,Prudential Financial Inc. Common Stock,Finance,Life Insurance
PSA,Public Storage Common Stock,Real Estate,Real Estate Investment Trusts
PSNY,Polestar Automotive Holding UK PLC Class A ADS,,
PSX,Phillips 66 Common Stock,Energy,Integrated oil Companies
PTC,PTC Inc. Common Stock,Technology,Computer Software: Prepackaged Software
PUK,Prudential Public Limited Company Common Stock,Finance,Life Insurance
PWR,Quanta Services Inc. Common Stock,Industrials,Engineering & Construction
PXD,Pioneer Natural Resources Company Common Stock,Energy,Oil & Gas Production
PYPL,PayPal Holdings Inc. Common Stock,Consumer Discretionary,Business Services
QCOM,QUALCOMM Incorporated Common Stock,Technology,Computer peripheral equipment
QGEN,Qiagen N.V. Common Shares ,Health Care,Biotechnology: Biological Products (No Diagnostic Substances)
QSR,Restaurant Brands International Inc. Common Shares,,
RACE,Ferrari N.V. Common Shares,Consumer Discretionary,Auto Manufacturing
RBLX,Roblox Corporation Class A Common Stock,Technology,EDP Services
RCI,Rogers Communication Inc. Common Stock,,
RCL,D/B/A Royal Caribbean Cruises Ltd. Common Stock,Consumer Discretionary,Hotels/Resorts
RE,Everest Re Group Ltd. Common Stock,Finance,Property-Casualty Insurers
REG,Regency Centers Corporation Common Stock,Real Estate,Real Estate Investment Trusts
REGN,Regeneron Pharmaceuticals Inc. Common Stock,Health Care,Biotechnology: Pharmaceutical Preparations
RELX,RELX PLC PLC American Depositary Shares (Each representing One Ordinary Share),Consumer Discretionary,Publishing
REXR,Rexford Industrial Realty Inc. Common Stock,Real Estate,Real Estate Investment Trusts
RF,Regions Financial Corporation Common Stock,Finance,Major Banks
RGEN,Repligen Corporation Common Stock,Health Care,Medical/Dental Instruments
RIO,Rio Tinto Plc Common Stock,Basic Materials,Metal Mining
RIVN,Rivian Automotive Inc. Class A Common Stock,Consumer Discretionary,Auto Manufacturing
RJF,Raymond James Financial Inc. Common Stock,Finance,Investment Bankers/Brokers/Service
RMD,ResMed Inc. Common Stock,Health Care,Medical/Dental Instruments
ROK,Rockwell Automation Inc. Common Stock,Industrials,Industrial Machinery/Components
ROL,Rollins Inc. Common Stock,Consumer Discretionary,Industrial Specialties
ROP,Roper Technologies Inc. Common Stock,Industrials,Office Equipment/Supplies/Services
ROST,Ross Stores Inc. Common Stock,Consumer Discretionary,Clothing/Shoe/Accessory Stores
RPM,RPM International Inc. Common Stock,Consumer Discretionary,Paints/Coatings
RPRX,Royalty Pharma plc Class A Ordinary Shares ,Health Care,Biotechnology: Pharmaceutical Preparations
RS,Reliance Steel & Aluminum Co. Common Stock (DE),Industrials,Steel/Iron Ore
RSG,Republic Services Inc. Common Stock,Utilities,Environmental Services
RTX,Raytheon Technologies Corporation Common Stock,Industrials,Military/Government/Technical
RY,Royal Bank Of Canada Common Stock,,
RYAAY,Ryanair Holdings plc American Depositary Shares,Consumer Discretionary,Air Freight/Delivery Services
SAN,Banco Santander S.A. Sponsored ADR (Spain),Finance,Commercial Banks
SAP,SAP  SE ADS,Technology,EDP Services
SBAC,SBA Communications Corporation Class A Common Stock,Real Estate,Real Estate Investment Trusts
SBNY,Signature Bank Common Stock,Finance,Major Banks
SBUX,Starbucks Corporation Common Stock,Consumer Discretionary,Beverages - Non-Alcoholic
SCCO,Southern Copper Corporation Common Stock,Basic Materials,Metal Mining
SCHW,Charles Schwab Corporation (The) Common Stock,Finance,Investment Bankers/Brokers/Service
SCI,Service Corporation International Common Stock,Consumer Discretionary,Other Consumer Services
SE,Sea Limited American Depositary Shares each representing one Class A Ordinary Share,Technology,Computer Software: Prepackaged Software
SEDG,SolarEdge Technologies Inc. Common Stock,Technology,Semiconductors
SGEN,Seagen Inc. Common Stock,Health Care,Biotechnology: Biological Products (No Diagnostic Substances)
SHEL,Royal Dutch Shell PLC American Depositary Shares (each representing two (2) Ordinary Shares) ,Energy,Oil & Gas Production
SHG,Shinhan Financial Group Co Ltd American Depositary Shares,Finance,Major Banks
SHOP,Shopify Inc. Class A Subordinate Voting Shares,,
SHW,Sherwin-Williams Company (The) Common Stock,Consumer Discretionary,Paints/Coatings
SIRI,Sirius XM Holdings Inc. Common Stock,Consumer Discretionary,Movies/Entertainment
SIVB,SVB Financial Group Common Stock,Finance,Major Banks
SJM,J.M. Smucker Company (The) New Common Stock,Consumer Staples,Packaged Foods
SJR,Shaw Communications Inc. Common Stock,,
SLB,Schlumberger N.V. Common Stock,Energy,Oilfield Services/Equipment
SLF,Sun Life Financial Inc. Common Stock,Consumer Discretionary,Advertising
SMFG,Sumitomo Mitsui Financial Group Inc Unsponsored American Depositary Shares (Japan),Finance,Commercial Banks
SNA,Snap-On Incorporated Common Stock,Consumer Discretionary,Diversified Manufacture
SNAP,Snap Inc. Class A Common Stock,Technology,Internet and Information Services
SNN,Smith & Nephew SNATS Inc. Common Stock,Health Care,Industrial Specialties
SNOW,Snowflake Inc. Class A Common Stock,Technology,Computer Software: Prepackaged Software
SNPS,Synopsys Inc. Common Stock,Technology,EDP Services
SNY,Sanofi ADS,Health Care,Biotechnology: Pharmaceutical Preparations
SO,Southern Company (The) Common Stock,Utilities,Power Generation
SONY,Sony Group Corporation American Depositary Shares ,Consumer Staples,Consumer Electronics/Appliances
SPG,Simon Property Group Inc. Common Stock,Real Estate,Real Estate Investment Trusts
SPGI,S&P Global Inc. Common Stock,Finance,Advertising
SPLK,Splunk Inc. Common Stock,Technology,Computer Software: Prepackaged Software
SPOT,Spotify Technology S.A. Ordinary Shares,Consumer Discretionary,Broadcasting
SQ,Block Inc. Class A Common Stock,Technology,Computer Software: Prepackaged Software
SQM,Sociedad Quimica y Minera S.A. Common Stock,Industrials,Agricultural Chemicals
SRE,DBA Sempra Common Stock,Utilities,Oil/Gas Transmission
SRPT,Sarepta Therapeutics Inc. Common Stock (DE),Health Care,Biotechnology: Pharmaceutical Preparations
SSL,Sasol Ltd. American Depositary Shares,Energy,Oil & Gas Production
SSNC,SS&C Technologies Holdings Inc. Common Stock,Technology,EDP Services
STE,STERIS plc (Ireland) Ordinary Shares,Health Care,Industrial Specialties
STLA,Stellantis N.V. Common Shares,Consumer Discretionary,Auto Manufacturing
STLD,Steel Dynamics Inc.,Industrials,Steel/Iron Ore
STM,STMicroelectronics N.V. Common Stock,Technology,Semiconductors
STT,State Street Corporation Common Stock,Finance,Investment Managers
STX,Seagate Technology Holdings PLC Ordinary Shares (Ireland),Technology,Electronic Components
STZ,Constellation Brands Inc. Common Stock,Consumer Staples,Beverages (Production/Distribution)
SU,Suncor Energy  Inc. Common Stock,,
SUI,Sun Communities Inc. Common Stock,Real Estate,Real Estate Investment Trusts
SUZ,Suzano S.A. American Depositary Shares (each representing One Ordinary Share),Basic Materials,Paper
SWAV,ShockWave Medical Inc. Common Stock,Health Care,Medical/Dental Instruments
SWK,Stanley Black & Decker Inc. Common Stock,Consumer Discretionary,Diversified Manufacture
SWKS,Skyworks Solutions Inc. Common Stock,Technology,Semiconductors
SYF,Synchrony Financial Common Stock,Finance,Diversified Financial Services
SYK,Stryker Corporation Common Stock,Health Care,Medical/Dental Instruments
SYY,Sysco Corporation Common Stock,Consumer Discretionary,Food Distributors
T,AT&T Inc.,Consumer Discretionary,Telecommunications Equipment
TAK,Takeda Pharmaceutical Company Limited American Depositary Shares (each representing 1/2 of a share of Common Stock),Health Care,Biotechnology: Pharmaceutical Preparations
TAP,Molson Coors Beverage Company Class B Common Stock,Consumer Staples,Beverages (Production/Distribution)
TCOM,Trip.com Group Limited American Depositary Shares,Consumer Discretionary,Business Services
TD,Toronto Dominion Bank (The) Common Stock,,
TDG,Transdigm Group Incorporated Common Stock,Industrials,Military/Government/Technical
TDY,Teledyne Technologies Incorporated Common Stock,Industrials,Industrial Machinery/Components
TEAM,Atlassian Corporation Plc Class A Ordinary Shares,Technology,Computer Software: Prepackaged Software
TECH,Bio-Techne Corp Common Stock,Health Care,Biotechnology: Biological Products (No Diagnostic Substances)
TECK,Teck Resources Ltd Ordinary Shares,,
TEF,Telefonica SA Common Stock,Telecommunications,Telecommunications Equipment
TEL,TE Connectivity Ltd. New Switzerland Registered Shares,Technology,Industrial Machinery/Components
TER,Teradyne Inc. Common Stock,Industrials,Electrical Products
TEVA,Teva Pharmaceutical Industries Limited American Depositary Shares,Health Care,Biotechnology: Pharmaceutical Preparations
TFC,Truist Financial Corporation Common Stock,Finance,Major Banks
TFX,Teleflex Incorporated Common Stock,Health Care,Medical/Dental Instruments
TGT,Target Corporation Common Stock,Consumer Discretionary,Department/Specialty Retail Stores
TJX,TJX Companies Inc. (The) Common Stock,Consumer Discretionary,Department/Specialty Retail Stores
TLK,PT Telekomunikasi Indonesia Tbk,Telecommunications,Telecommunications Equipment
TM,Toyota Motor Corporation Common Stock,Consumer Discretionary,Auto Manufacturing
TMO,Thermo Fisher Scientific Inc Common Stock,Industrials,Biotechnology: Laboratory Analytical Instruments
TMUS,T-Mobile US Inc. Common Stock,Telecommunications,Telecommunications Equipment
TOST,Toast Inc. Class A Common Stock,Technology,EDP Services
TPL,Texas Pacific Land Corporation Common Stock,Energy,Oil & Gas Production
TRGP,Targa Resources Inc. Common Stock,Utilities,Natural Gas Distribution
TRI,Thomson Reuters Corp Ordinary Shares,,
TRMB,Trimble Inc. Common Stock,Industrials,Industrial Machinery/Components
TROW,T. Rowe Price Group Inc. Common Stock,Finance,Investment Managers
TRP,TC Energy Corporation Common Stock,,
TRU,TransUnion Common Stock,Finance,Advertising
TRV,The Travelers Companies Inc. Common Stock,Finance,Property-Casualty Insurers
TS,Tenaris S.A. American Depositary Shares,Industrials,Steel/Iron Ore
TSCO,Tractor Supply Company Common Stock,Consumer Discretionary,Other Specialty Stores
TSLA,Tesla Inc. Common Stock,Consumer Discretionary,Auto Manufacturing
TSM,Taiwan Semiconductor Manufacturing Company Ltd.,Technology,Semiconductors
TSN,Tyson Foods Inc. Common Stock,Consumer Staples,Meat/Poultry/Fish
TT,Trane Technologies plc,Industrials,Industrial Machinery/Components
TTD,The Trade Desk Inc. Class A Common Stock,Technology,EDP Services
TTE,TotalEnergies SE,Energy,Oil & Gas Production
TTM,Tata Motors Ltd Tata Motors Limited,Consumer Discretionary,Auto Manufacturing
TTWO,Take-Two Interactive Software Inc. Common Stock,Technology,Computer Software: Prepackaged Software
TU,Telus Corporation Ordinary Shares,,
TW,Tradeweb Markets Inc. Class A Common Stock,Finance,Investment Bankers/Brokers/Service
TWLO,Twilio Inc. Class A Common Stock,Industrials,Industrial Machinery/Components
TWTR,Twitter Inc. Common Stock,Technology,EDP Services
TXN,Texas Instruments Incorporated Common Stock,Technology,Semiconductors
TXT,Textron Inc. Common Stock,Industrials,Aerospace
TYL,Tyler Technologies Inc. Common Stock,Technology,Computer Software: Prepackaged Software
U,Unity Software Inc. Common Stock,Technology,Retail: Computer Software & Peripheral Equipment
UAL,United Airlines Holdings Inc. Common Stock,Consumer Discretionary,Air Freight/Delivery Services
UBER,Uber Technologies Inc. Common Stock,Technology,EDP Services
UBS,UBS Group AG Registered Ordinary Shares,Finance,Major Banks
UDR,UDR Inc. Common Stock,Real Estate,Real Estate Investment Trusts
UHAL,Amerco Common Stock,Consumer Discretionary,Rental/Leasing Companies
UI,Ubiquiti Inc. Common Stock,Technology,Radio And Television Broadcasting And Communications Equipment
UL,Unilever PLC Common Stock,Consumer Discretionary,Package Goods/Cosmetics
ULTA,Ulta Beauty Inc. Common Stock,,
UMC,United Microelectronics Corporation (NEW) Common Stock,Technology,Semiconductors
UNH,UnitedHealth Group Incorporated Common Stock (DE),Health Care,Medical Specialities
UNP,Union Pacific Corporation Common Stock,Industrials,Railroads
UPS,United Parcel Service Inc. Common Stock,Consumer Discretionary,Air Freight/Delivery Services
URI,United Rentals Inc. Common Stock,Consumer Discretionary,Diversified Commercial Services
USB,U.S. Bancorp Common Stock,Finance,Major Banks
UTHR,United Therapeutics Corporation Common Stock,Health Care,Biotechnology: Pharmaceutical Preparations
V,Visa Inc.,Consumer Discretionary,Business Services
VALE,VALE S.A.  American Depositary Shares Each Representing one common share,Basic Materials,Metal Mining
VEEV,Veeva Systems Inc. Class A Common Stock,Health Care,Managed Health Care
VFC,V.F. Corporation Common Stock,Consumer Discretionary,Apparel
VICI,VICI Properties Inc. Common Stock,Real Estate,Real Estate Investment Trusts
VIV,Telefonica Brasil S.A. American Depositary Shares (Each representing One Common Share),Telecommunications,Telecommunications Equipment
VLO,Valero Energy Corporation Common Stock,Energy,Integrated oil Companies
VMC,Vulcan Materials Company (Holding Company) Common Stock,,
VMW,Vmware Inc. Common stock Class A,Technology,Computer Software: Prepackaged Software
VOD,Vodafone Group Plc American Depositary Shares,Telecommunications,Telecommunications Equipment
VRSK,Verisk Analytics Inc. Common Stock,Consumer Discretionary,Business Services
VRSN,VeriSign Inc. Common Stock,Technology,EDP Services
VRTX,Vertex Pharmaceuticals Incorporated Common Stock,Health Care,Biotechnology: Pharmaceutical Preparations
VST,Vistra Corp. Common Stock,Utilities,Power Generation
VTR,Ventas Inc. Common Stock,Real Estate,Real Estate Investment Trusts
VTRS,Viatris Inc. Common Stock,Health Care, Medicinal Chemicals and Botanical Products 
VZ,Verizon Communications Inc. Common Stock,Telecommunications,Telecommunications Equipment
WAB,Westinghouse Air Brake Technologies Corporation Common Stock,Industrials,Railroads
WAT,Waters Corporation Common Stock,Health Care,Medical Specialities
WBA,Walgreens Boots Alliance Inc. Common Stock,Consumer Staples,Retail-Drug Stores and Proprietary Stores
WBD,Warner Bros. Discovery Inc. Series A Common Stock ,Telecommunications,Cable & Other Pay Television Services
WCN,Waste Connections Inc. Common Shares,Utilities,Power Generation
WDAY,Workday Inc. Class A Common Stock,Technology,Computer Software: Prepackaged Software
WDC,Western Digital Corporation Common Stock,Technology,Electronic Components
WDS,Woodside Energy Group Limited American Depositary Shares each representing one Ordinary Share,Energy,Oil & Gas Production
WEC,WEC Energy Group Inc. Common Stock,Utilities,Power Generation
WELL,Welltower Inc. Common Stock,Real Estate,Real Estate Investment Trusts
WES,Western Midstream Partners LP Common Units Representing Limited Partner Interests,Energy,Oilfield Services/Equipment
WFC,Wells Fargo & Company Common Stock,Finance,Major Banks
WIT,Wipro Limited Common Stock,Technology,EDP Services
WLK,Westlake Corporation Common Stock,Industrials,Major Chemicals
WM,Waste Management Inc. Common Stock,Utilities,Environmental Services
WMB,Williams Companies Inc. (The) Common Stock,Utilities,Natural Gas Distribution
WMG,Warner Music Group Corp. Class A Common Stock,Consumer Discretionary,Movies/Entertainment
WMS,Advanced Drainage Systems Inc. Common Stock,Industrials,Building Products
WMT,Walmart Inc. Common Stock,Consumer Discretionary,Department/Specialty Retail Stores
WOLF,Wolfspeed Inc. Common Stock,Technology,Semiconductors
WPC,W. P. Carey Inc. REIT,Real Estate,Real Estate Investment Trusts
WPM,Wheaton Precious Metals Corp Common Shares (Canada),,
WPP,WPP plc American Depositary Shares,,
WRB,W.R. Berkley Corporation Common Stock,Finance,Property-Casualty Insurers
WRK,Westrock Company Common Stock,,
WSM,Williams-Sonoma Inc. Common Stock (DE),Consumer Discretionary,Other Specialty Stores
WSO,Watsco Inc. Common Stock,Consumer Discretionary,Wholesale Distributors
WST,West Pharmaceutical Services Inc. Common Stock,Health Care,Medical/Dental Instruments
WTRG,Essential Utilities Inc. Common Stock,Utilities,Water Supply
WTW,Willis Towers Watson Public Limited Company Ordinary Shares,Finance,Specialty Insurers
WY,Weyerhaeuser Company Common Stock,Real Estate,Real Estate Investment Trusts
XEL,Xcel Energy Inc. Common Stock,Utilities,Power Generation
XOM,Exxon Mobil Corporation Common Stock,Energy,Oil & Gas Production
XP,XP Inc. Class A Common Stock,Finance,Investment Bankers/Brokers/Service
XPEV,XPeng Inc. American depositary shares each representing two Class A ordinary shares,Consumer Discretionary,Auto Manufacturing
XYL,Xylem Inc. Common Stock New,Industrials,Fluid Controls
Y,Alleghany Corporation Common Stock,Finance,Property-Casualty Insurers
YUM,Yum! Brands Inc.,Consumer Discretionary,Restaurants
YUMC,Yum China Holdings Inc. Common Stock,Consumer Discretionary,Restaurants
ZBH,Zimmer Biomet Holdings Inc. Common Stock,Health Care,Industrial Specialties
ZBRA,Zebra Technologies Corporation Class A Common Stock,Technology,Computer peripheral equipment
ZI,ZoomInfo Technologies Inc Common Stock,Technology,Computer Software: Prepackaged Software
ZM,Zoom Video Communications Inc. Class A Common Stock,Technology,Computer Software: Prepackaged Software
ZS,Zscaler Inc. Common Stock,Technology,EDP Services
ZTO,ZTO Express (Cayman) Inc. American Depositary Shares each representing one Class A ordinary share.,Consumer Discretionary,Advertising
ZTS,Zoetis Inc. Class A Common Stock,Health Care,Biotechnology: Pharmaceutical Preparations
